{
  "frequency_bands": [
    {
      "min": 817.1875,
      "max": 1104.6875,
      "center": 985.25390625
    }
  ],
  "matching_files": [
    {
      "file": "20250821_000000.WAV",
      "peak_freq": 890.625,
      "band": "817.2-1104.7",
      "num_intervals_0_2_1_5s": 5,
      "total_intervals": 12,
      "intervals_0_2_1_5s": [
        0.6666666666666667,
        0.6453333333333332,
        0.7626666666666644,
        0.46400000000000574,
        0.9226666666666645
      ],
      "cv": 0.21716441204866016,
      "meets_criteria": true,
      "pattern_info": {
        "is_regular": false,
        "mean_interval": 2.9004444444444446,
        "median_interval": 0.7146666666666656,
        "mode_interval": 0.0,
        "std_interval": 5.171308118292797,
        "cv": 1.7829364489976696,
        "regularity_score": 0.3593326755126478,
        "num_spikes": 13,
        "intervals": [
          0.6666666666666667,
          0.6453333333333332,
          4.032,
          0.05866666666666642,
          3.312000000000001,
          0.7626666666666644,
          19.301333333333336,
          0.17066666666666563,
          0.04800000000000182,
          4.42133333333333,
          0.46400000000000574,
          0.9226666666666645
        ]
      },
      "pattern_plot_file": "pipeline_plots/20250821_000000_peak_890.6Hz_pattern.png"
    },
    {
      "file": "20250821_061800.WAV",
      "peak_freq": 1078.125,
      "band": "817.2-1104.7",
      "num_intervals_0_2_1_5s": 8,
      "total_intervals": 9,
      "intervals_0_2_1_5s": [
        1.0613333333333337,
        1.0453333333333337,
        1.1466666666666665,
        1.0986666666666682,
        1.1999999999999993,
        1.141333333333332,
        1.2533333333333339,
        1.1413333333333338
      ],
      "cv": 0.05672791536898842,
      "meets_criteria": true,
      "pattern_info": {
        "is_regular": false,
        "mean_interval": 1.0192592592592593,
        "median_interval": 1.141333333333332,
        "mode_interval": 1.1,
        "std_interval": 0.33573599923108977,
        "cv": 0.3293921504084093,
        "regularity_score": 0.7522234877743073,
        "num_spikes": 10,
        "intervals": [
          1.0613333333333337,
          0.08533333333333282,
          1.0453333333333337,
          1.1466666666666665,
          1.0986666666666682,
          1.1999999999999993,
          1.141333333333332,
          1.2533333333333339,
          1.1413333333333338
        ]
      },
      "pattern_plot_file": "pipeline_plots/20250821_061800_peak_1078.1Hz_pattern.png"
    },
    {
      "file": "20250821_194200.WAV",
      "peak_freq": 1031.25,
      "band": "817.2-1104.7",
      "num_intervals_0_2_1_5s": 11,
      "total_intervals": 41,
      "intervals_0_2_1_5s": [
        0.3093333333333419,
        0.2666666666666657,
        0.27199999999999136,
        0.20266666666666566,
        0.21333333333333826,
        0.2666666666666728,
        0.2560000000000002,
        0.3413333333333384,
        0.4266666666666623,
        0.2560000000000002,
        0.2666666666666586
      ],
      "cv": 0.21094068743605537,
      "meets_criteria": true,
      "pattern_info": {
        "is_regular": false,
        "mean_interval": 0.1711869918699189,
        "median_interval": 0.14400000000000546,
        "mode_interval": 0.1,
        "std_interval": 0.079898514517583,
        "cv": 0.46673239388595633,
        "regularity_score": 0.6817876281784457,
        "num_spikes": 42,
        "intervals": [
          0.3093333333333419,
          0.2666666666666657,
          0.27199999999999136,
          0.0800000000000054,
          0.20266666666666566,
          0.08533333333333815,
          0.11199999999999477,
          0.05866666666666731,
          0.05866666666666731,
          0.21333333333333826,
          0.1493333333333311,
          0.13333333333332575,
          0.2666666666666728,
          0.10133333333333638,
          0.11199999999999477,
          0.12266666666666737,
          0.09066666666667089,
          0.19733333333333292,
          0.14399999999999125,
          0.16533333333333644,
          0.14400000000000546,
          0.19733333333333292,
          0.1599999999999966,
          0.09600000000000364,
          0.19199999999999307,
          0.19733333333333292,
          0.11733333333333462,
          0.2560000000000002,
          0.3413333333333384,
          0.09066666666666379,
          0.4266666666666623,
          0.19733333333334002,
          0.2560000000000002,
          0.2666666666666586,
          0.13333333333333997,
          0.1386666666666656,
          0.1386666666666656,
          0.11199999999999477,
          0.14400000000000546,
          0.13333333333333997,
          0.1386666666666656
        ]
      },
      "pattern_plot_file": "pipeline_plots/20250821_194200_peak_1031.2Hz_pattern.png"
    },
    {
      "file": "20250822_053600.WAV",
      "peak_freq": 1007.8125,
      "band": "817.2-1104.7",
      "num_intervals_0_2_1_5s": 18,
      "total_intervals": 24,
      "intervals_0_2_1_5s": [
        0.5760000000000005,
        0.5600000000000005,
        0.3946666666666676,
        0.5759999999999987,
        0.5280000000000005,
        0.5866666666666696,
        0.5706666666666678,
        0.586666666666666,
        0.565333333333335,
        0.554666666666666,
        0.5493333333333297,
        0.5760000000000005,
        0.565333333333335,
        0.5546666666666624,
        0.5759999999999934,
        0.5813333333333333,
        0.5280000000000058,
        0.5439999999999969
      ],
      "cv": 0.07639388846386488,
      "meets_criteria": true,
      "pattern_info": {
        "is_regular": false,
        "mean_interval": 2.4446666666666665,
        "median_interval": 0.5680000000000014,
        "mode_interval": 0.6000000000000001,
        "std_interval": 4.397031945065435,
        "cv": 1.798622284591806,
        "regularity_score": 0.3573186726574841,
        "num_spikes": 25,
        "intervals": [
          11.952,
          0.5760000000000005,
          0.5600000000000005,
          0.17066666666666563,
          0.3946666666666676,
          0.5759999999999987,
          0.5280000000000005,
          9.690666666666663,
          0.5866666666666696,
          0.5706666666666678,
          0.586666666666666,
          0.565333333333335,
          0.554666666666666,
          11.866666666666667,
          0.5493333333333297,
          0.5760000000000005,
          0.565333333333335,
          0.5546666666666624,
          14.975999999999999,
          0.04266666666667618,
          0.5759999999999934,
          0.5813333333333333,
          0.5280000000000058,
          0.5439999999999969
        ]
      },
      "pattern_plot_file": "pipeline_plots/20250822_053600_peak_1007.8Hz_pattern.png"
    }
  ],
  "all_analyzed_files": [],
  "summary": {
    "total_files_analyzed": 360,
    "files_with_matching_peaks": 20,
    "files_meeting_all_conditions": 4,
    "total_plots_created": 4,
    "original_files_copied": 4
  }
}